Country (en),Country (de),Country (local),Country code,Continent,Capital,Population,Area,Coastline,Government form,Currency,Currency code,Dialing prefix,Birthrate,Deathrate,Url
Afghanistan,Afghanistan,افغانستان Afghānestān,AF,Asia,Kabul,37172386,652860,0,Presidential islamic republic,Afghani,AFN,93,33.2,6.6,https://www.laenderdaten.info/Asien/Afghanistan/index.php
Egypt,Ägypten,مصر Miṣr,EG,Africa,Cairo,98423595,1001450,2450,Presidential republic,Egypt Pound,EGP,20,27.1,5.9,https://www.laenderdaten.info/Afrika/Aegypten/index.php
Åland Islands,Ålandinseln,Ahvenanmaa,AX,Europe,Mariehamn,29013,1580,0,Autonomous region of Finland,Euro,EUR,358,0,0,https://www.laenderdaten.info/Europa/Aland/index.php
Albania,Albanien,Republika e Shqipërisë,AL,Europe,Tirana,2866376,28750,362,Parliamentary republic,Lek,ALL,355,11.9,7.7,https://www.laenderdaten.info/Europa/Albanien/index.php
Algeria,Algerien,الجزائر al-Dschazā’ir,DZ,Africa,Algiers,42228429,2381740,998,Presidential republic,Algerian Dinar,DZD,213,24.8,4.7,https://www.laenderdaten.info/Afrika/Algerien/index.php
American Samoa,Amerikanisch Samoa,Sāmoa Amelika,AS,Oceania,Pago Pago,55465,200,116,Presidential democracy (self-governing territory of the US),US Dollar,USD,1-684,17.5,4.2,https://www.laenderdaten.info/Ozeanien/Amerikanisch-Samoa/index.php
Andorra,Andorra,Principat d’Andorra,AD,Europe,Andorra la Vella,77006,470,0,Parliamentary democracy,Euro,EUR,376,8.8,4.3,https://www.laenderdaten.info/Europa/Andorra/index.php
Angola,Angola,Ngola,AO,Africa,Luanda,30809762,1246700,1600,Presidential republic,Kwanza,AOA,244,41.3,8.4,https://www.laenderdaten.info/Afrika/Angola/index.php
Anguilla,Anguilla,Anguilla,AI,Central America,The Valley,17422,91,61,Parliamentary democracy (self-governing territory of the UK),East Caribbean Dollar,XCD,1809,0,0,https://www.laenderdaten.info/Amerika/Anguilla/index.php
Antarctica,Antarktis,,AQ,Oceania,,0,14000000,17968,Foreign-administrated territory,,,,0,0,https://www.laenderdaten.info/Ozeanien/Antarktis/index.php
Antigua and Barbuda,Antigua und Barbuda,Antigua and Barbuda,AG,Central America,Saint John’s,96286,440,153,Parliamentary democracy (under constitutional monarchy),East Caribbean Dollar,XCD,1809,15.5,6.3,https://www.laenderdaten.info/Amerika/Antigua-Barbuda/index.php
Equatorial Guinea,Äquatorialguinea,Guinea Ecuatorial,GQ,Africa,Malabo,1308974,28050,296,Presidential republic,Central African Franc,XAF,240,33.7,9.5,https://www.laenderdaten.info/Afrika/Aequatorialguinea/index.php
Argentina,Argentinien,Argentina,AR,South America,Buenos Aires,44494502,2780400,4989,Presidential republic,Argentine Peso,ARS,54,17.2,7.6,https://www.laenderdaten.info/Amerika/Argentinien/index.php
Armenia,Armenien,Հայաստան Hajastan,AM,Asia,Yerevan,2951776,29740,0,Semi-presidential republic,Dram,AMD,374,14.3,9.9,https://www.laenderdaten.info/Asien/Armenien/index.php
Aruba,Aruba,Aruba,AW,Central America,Oranjestad,105845,180,69,Parliamentary democracy (territory of the Kingdom of the Netherlands),Florin,AWG,297,11.5,8.9,https://www.laenderdaten.info/Amerika/Aruba/index.php
Azerbaijan,Aserbaidschan,Azərbaycan,AZ,Asia,Baku,9942334,86600,0,Presidential republic,Manat,AZN,994,14.6,5.8,https://www.laenderdaten.info/Asien/Aserbaidschan/index.php
Ethiopia,Äthiopien,ኢትዮጵያ Ityop̣p̣əya,ET,Africa,Addis Ababa,109224559,1104300,0,Federal parliamentary republic,Birr,ETB,251,32.8,6.7,https://www.laenderdaten.info/Afrika/Aethiopien/index.php
Australia,Australien,Australia,AU,Australia,Canberra,24992369,7741220,25760,Parliamentary democracy (under constitutional monarchy),Australian Dollar,AUD,61,12.4,6.5,https://www.laenderdaten.info/Australien/Australien/index.php
Bahamas,Bahamas,The Bahamas,BS,Central America,Nassau,385640,13880,3542,Parliamentary democracy (under constitutional monarchy),Bahamian Dollar,BSD,1809,14,6.7,https://www.laenderdaten.info/Amerika/Bahamas/index.php
Bahrain,Bahrain,البحرين al-Bahrain,BH,Asia,Manama,1569439,778,161,constitutional monarchy,Bahrain Dinar,BHD,973,14.4,2.4,https://www.laenderdaten.info/Asien/Bahrain/index.php
Bangladesh,Bangladesch,বাংলাদেশ Bāṃlādeś,BD,Asia,Dhaka,161356039,147630,580,Parliamentary republic,Taka,BDT,880,18.5,5.5,https://www.laenderdaten.info/Asien/Bangladesch/index.php
Barbados,Barbados,Barbados,BB,Central America,Bridgetown,286641,430,97,Parliamentary democracy (under constitutional monarchy),Barbadian Dollar,BBD,1809,10.7,8.9,https://www.laenderdaten.info/Amerika/Barbados/index.php
Belarus,Belarus,Беларусь,BY,Europe,Minsk,9485386,207600,0,Presidential republic (in fact a dictatorship),Belarus Rubel,BYR,375,10.8,12.6,https://www.laenderdaten.info/Europa/Belarus/index.php
Belgium,Belgien,België / Belgique,BE,Europe,Brussels,11422068,30530,67,Federal parliamentary republic (under constitutional monarchy),Euro,EUR,32,10.5,9.6,https://www.laenderdaten.info/Europa/Belgien/index.php
Belize,Belize,Belize,BZ,Central America,Belmopan,383071,22970,386,Parliamentary democracy (under constitutional monarchy),Belize Dollar,BZD,501,21.1,4.7,https://www.laenderdaten.info/Amerika/Belize/index.php
Benin,Benin,Bénin,BJ,Africa,Porto-Novo,11485048,114760,121,Presidential republic,West African Franc,XOF,229,36.6,9,https://www.laenderdaten.info/Afrika/Benin/index.php
Bermuda,Bermuda,Bermuda,BM,North America,Hamilton,63968,4290,103,Parliamentary democracy (self-governing territory of the UK),Bermudian Dollar,BMD,1809,9.3,7.8,https://www.laenderdaten.info/Amerika/Bermuda/index.php
Bhutan,Bhutan,འབྲུག་ཡུལ་ Dzongkha,BT,Asia,Thimphu,754394,38394,0,constitutional monarchy,Ngultrum,BTN,975,17.5,6.2,https://www.laenderdaten.info/Asien/Bhutan/index.php
Bolivia,Bolivien,Bolivia,BO,South America,Sucre,11353142,1098580,0,Presidential republic,Boliviano,BOB,591,22.1,6.8,https://www.laenderdaten.info/Amerika/Bolivien/index.php
"Bonaire, Saint Eustatius and Saba","Bonaire, Sint Eustatius und Saba",,BQ,Central America,,24548,322,399,Special municipalities of the Netherlands,US Dollar,USD,599-3/4/7,0,0,https://www.laenderdaten.info/Amerika/Bonaire/index.php
Bosnia and Herzegovina,Bosnien und Herzegowina,Bosna i Hercegovina / Босна и Херцеговина,BA,Europe,Sarajevo,3323929,51210,20,Parliamentary republic,Convertible Mark,BAM,387,8.3,10.6,https://www.laenderdaten.info/Europa/Bosnien-und-Herzegowina/index.php
Botswana,Botswana,Botswana,BW,Africa,Gaborone,2254126,581730,0,Parliamentary republic,Pula,BWP,267,25.4,5.8,https://www.laenderdaten.info/Afrika/Botswana/index.php
Bouvet Island,Bouvetinsel,Bouvetøya,BV,South America,,0,49,30,Territory of Norway,Norwegian Krone,NOK,,0,0,https://www.laenderdaten.info/Amerika/Bouvetinsel/index.php
Brazil,Brasilien,Brasil,BR,South America,Brasília,209469333,8515770,7491,Federal presidential republic,Real,BRL,55,14.1,6.4,https://www.laenderdaten.info/Amerika/Brasilien/index.php
British Indian Ocean Territory,Britisches Territorium im Indischen Ozean,British Indian Ocean Territory,IO,Africa,,0,54400,698,British overseas territory,US Dollar,USD,246,0,0,https://www.laenderdaten.info/Afrika/Britisches-Territorium-im-Indischen-Ozean/index.php
Brunei,Brunei,Negara Brunei Darussalam /: نڬارا بروني دارال,BN,Asia,Bandar Seri Begawan,428962,5770,161,Absolute monarchy/sultanate,Brunei Dollar,BND,673,15.4,4.3,https://www.laenderdaten.info/Asien/Brunei/index.php
Bulgaria,Bulgarien,България,BG,Europe,Sofia,7024216,111000,354,Parliamentary republic,Bulgarian Lev,BGN,359,9,15.5,https://www.laenderdaten.info/Europa/Bulgarien/index.php
Burkina Faso,Burkina Faso,Burkina Faso,BF,Africa,Ouagadougou,19751535,274220,0,Presidential republic,West African Franc,XOF,226,38.4,8.3,https://www.laenderdaten.info/Afrika/Burkina-Faso/index.php
Burundi,Burundi,Burundi / Uburundi,BI,Africa,Bujumbura,11175378,27830,0,Presidential republic,Burundi Franc,BIF,257,39.6,8.1,https://www.laenderdaten.info/Afrika/Burundi/index.php
Chile,Chile,Chile,CL,South America,Santiago,18729160,756700,6435,Presidential republic,Chilean Peso,CLP,56,12.7,6.1,https://www.laenderdaten.info/Amerika/Chile/index.php
China,China,中國 / 中国 / Zhōngguó,CN,Asia,Beijing,1392730000,9562910,14500,"People's republic (communist 	one-party system)",Renminbi Yuan,CNY,86,12.4,7.1,https://www.laenderdaten.info/Asien/China/index.php
Cook Islands,Cookinseln,Cook Islands / Kūki 'Āirani,CK,Oceania,Avarua,9038,236,120,Parliamentary democracy,Cook Dollar,CKD,682,0,0,https://www.laenderdaten.info/Ozeanien/Cookinseln/index.php
Costa Rica,Costa Rica,Costa Rica,CR,Central America,San José,4999441,51100,1290,Presidential republic,Colón,CRC,506,14.2,5,https://www.laenderdaten.info/Amerika/Costa-Rica/index.php
Curacao,Curaçao,Curaçao / Kòrsou,CW,Central America,Willemstad,159849,444,364,Parliamentary republic,Netherlands Antillean Guilder,ANG,599-9,9.7,8.9,https://www.laenderdaten.info/Amerika/Curacao/index.php
Denmark,Dänemark,Danmark,DK,Europe,Copenhagen,5797446,42920,7314,Parliamentary constitutional monarchy,Danish Krone,DKK,45,10.6,8.2,https://www.laenderdaten.info/Europa/Daenemark/index.php
Democratic Republic of the Congo,Demokratische Republik Kongo,République Démocratique du Congo,CD,Africa,Kinshasa,84068091,2344860,37,Semi-presidential republic,Congolais Franc,CDF,242,41.7,9.7,https://www.laenderdaten.info/Afrika/Kongo-Kinshasa/index.php
Germany,Deutschland,Deutschland,DE,Europe,Berlin,82927922,357580,2389,Federal parliamentary republic,Euro,EUR,49,9.5,11.3,https://www.laenderdaten.info/Europa/Deutschland/index.php
Dominica,Dominica,Dominica,DM,Central America,Roseau,71625,750,148,Parliamentary republic,East Caribbean Dollar,XCD,1809,12,8.2,https://www.laenderdaten.info/Amerika/Dominica/index.php
Dominican Republic,Dominikanische Republik,República Dominicana,DO,Central America,Santo Domingo,10627165,48670,1288,Presidential republic,Dominican Peso,DOP,1809,19.8,6.1,https://www.laenderdaten.info/Amerika/Dominikanische-Republik/index.php
Djibouti,Dschibuti,جيبوتي / Dschībūtī / Djibouti / Jabuuti / Gab,DJ,Africa,Djibouti,958920,23200,314,Semi-presidential republic,Djibouti Franc,DJF,253,21.9,7.3,https://www.laenderdaten.info/Afrika/Dschibuti/index.php
Ecuador,Ecuador,Ecuador,EC,South America,Quito,17084357,256370,2237,Presidential republic,US Dollar,USD,593,20,5.1,https://www.laenderdaten.info/Amerika/Ecuador/index.php
El Salvador,El Salvador,El Salvador,SV,Central America,San Salvador,6420744,21040,307,Presidential republic,US Dollar,USD,503,18.4,7,https://www.laenderdaten.info/Amerika/El-Salvador/index.php
Ivory Coast,Elfenbeinküste,Côte d’Ivoire,CI,Africa,Yamoussoukro,25069229,322460,515,Presidential republic,West African Franc,XOF,225,36,10.3,https://www.laenderdaten.info/Afrika/Elfenbeinkueste/index.php
Eritrea,Eritrea,ኤርትራ Ertra / إرتريا Iritriyyā,ER,Africa,Asmara,5970646,117600,2234,Presidential republic,Nakfa,ERN,291,30.9,7.3,https://www.laenderdaten.info/Afrika/Eritrea/index.php
Estonia,Estland,Eesti,EE,Europe,Tallinn,1320884,45340,3794,Parliamentary republic,Euro,EUR,372,10.5,11.8,https://www.laenderdaten.info/Europa/Estland/index.php
Swaziland,Eswatini,Umbuso weSwatini,SZ,Africa,Mbabane,1136191,17360,0,Absolute monarchy,Swazi Lilangeni,SZL,268,26.8,9.8,https://www.laenderdaten.info/Afrika/Swasiland/index.php
Falkland Islands,Falklandinseln,Falkland Islands,FK,South America,Stanley,3198,12173,1288,Parliamentary democracy (self-governing territory of the UK),Falklands Pound,FKP,500,0,0,https://www.laenderdaten.info/Amerika/Falklandinseln/index.php
Faroe Islands,Färöer-Inseln,Føroyar / Færøerne,FO,Europe,Tórshavn,48497,1396,1117,Parliamentary democracy (territory of the Kingdom of Denmark),Faroese Krona,FOK,298,13.1,8.9,https://www.laenderdaten.info/Europa/Faeroeer-Inseln/index.php
Fiji,Fidschi,Viti / फ़िजी गणराज्य / Fiji,FJ,Oceania,Suva,883483,18270,1129,Parliamentary republic,Fidschi Dollar,FJD,679,21.6,8.2,https://www.laenderdaten.info/Ozeanien/Fidschi/index.php
Finland,Finnland,Suomi,FI,Europe,Helsinki,5518050,338450,1250,Parliamentary republic,Euro,EUR,358,9.1,9.8,https://www.laenderdaten.info/Europa/Finnland/index.php
France,Frankreich,France,FR,Europe,Paris,66987244,549087,3427,Semi-presidential republic,Euro,EUR,33,11.4,9,https://www.laenderdaten.info/Europa/Frankreich/index.php
French Guiana,Französisch-Guayana,Guyane française,GF,South America,Cayenne,181000,83534,378,French overseas territory,Euro,EUR,594,0,0,https://www.laenderdaten.info/Amerika/Franzoesisch-Guayana/index.php
French Polynesia,Französisch-Polynesien,Polynésie française,PF,Oceania,Papeete,277679,4000,2525,Parliamentary democracy (territory of France),Pacific Franc,XPF,689,14.9,5.6,https://www.laenderdaten.info/Ozeanien/Franzoesisch-Polynesien/index.php
French Southern and Antarctic Lands,Französische Süd- und Antarktisgebiete,Terres australes françaises,TF,Oceania,Port-aux-Français,0,55,2800,French overseas territory,Euro,EUR,,0,0,https://www.laenderdaten.info/Ozeanien/Franzoesische-Antarktis/index.php
Gabon,Gabun,Le Gabon,GA,Africa,Libreville,2119275,267670,885,Presidential republic,Central African Franc,XAF,241,32.2,7,https://www.laenderdaten.info/Afrika/Gabun/index.php
Gambia,Gambia,The Gambia,GM,Africa,Banjul,2280102,11300,80,Presidential republic,Dalasi,GMD,220,39,8,https://www.laenderdaten.info/Afrika/Gambia/index.php
Georgia,Georgien,საქართველო / Sakartwelo,GE,Asia,Tbilisi,3731000,69700,310,Semi-presidential republic,Georgian Lari,GEL,995,13.7,12.9,https://www.laenderdaten.info/Asien/Georgien/index.php
Ghana,Ghana,Ghana,GH,Africa,Accra,29767108,238540,539,Presidential republic,Ghana Cedi,GHS,233,29.8,7.4,https://www.laenderdaten.info/Afrika/Ghana/index.php
Gibraltar,Gibraltar,Gibraltar,GI,Europe,Gibraltar,33718,10,12,Parliamentary democracy (self-governing territory of the UK),Gibraltar Pound,GIP,350,0,0,https://www.laenderdaten.info/Europa/Gibraltar/index.php
Grenada,Grenada,Grenada,GD,Central America,Saint George's,111454,340,121,Parliamentary democracy,East Caribbean Dollar,XCD,1809,16.7,9.6,https://www.laenderdaten.info/Amerika/Grenada/index.php
Greece,Griechenland,Ελλάδα / Elláda,GR,Europe,Athens,10727668,131960,13676,Parliamentary republic,Euro,EUR,30,8.2,11.6,https://www.laenderdaten.info/Europa/Griechenland/index.php
Greenland,Grönland,Kalaallit Nunaat / Grønland,GL,North America,Nuuk,56025,2166000,44087,Parliamentary democracy (territory of the Kingdom of Denmark),Danish Krone,DKK,299,15.2,8.9,https://www.laenderdaten.info/Amerika/Groenland/index.php
Guadeloupe,Guadeloupe,Guadeloupe / Gwadloup,GP,Central America,Basse-Terre,456000,1628,0,French overseas territory,Euro,EUR,590,0,0,https://www.laenderdaten.info/Amerika/Guadeloupe/index.php
Guam,Guam,Guam,GU,Oceania,Hagåtña,165768,540,149,Presidential democracy (self-governing unincorporated territory of the US),US Dollar,USD,671,16.7,5.2,https://www.laenderdaten.info/Ozeanien/Guam/index.php
Guatemala,Guatemala,República de Guatemala,GT,Central America,Guatemala City,17247807,108890,400,Presidential republic,Quetzal,GTQ,502,24.9,4.8,https://www.laenderdaten.info/Amerika/Guatemala/index.php
Guernsey,Guernsey,Bailiwick of Guernsey,GG,Europe,Saint Peter Port,66697,78,50,Parliamentary democracy (autonomous Crown dependency of the UK),Guernsey Pound,GGP,44,0,0,https://www.laenderdaten.info/Europa/Guernsey/index.php
Guinea,Guinea,La Guinée,GN,Africa,Conakry,12414318,245860,320,Presidential republic,Guinea Franc,GNF,224,36.8,8.7,https://www.laenderdaten.info/Afrika/Guinea/index.php
Guinea-Bissau,Guinea-Bissau,Guiné-Bissau,GW,Africa,Bissau,1874309,36130,350,Semi-presidential republic,West African Franc,XOF,245,35.7,9.8,https://www.laenderdaten.info/Afrika/Guinea-Bissau/index.php
Guyana,Guyana,Guyana,GY,South America,Georgetown,779004,214970,459,Parliamentary republic,Guyana Dollar,GYD,592,20.2,7.4,https://www.laenderdaten.info/Amerika/Guyana/index.php
Haiti,Haiti,Ayiti / Haïti,HT,Central America,Port-au-Prince,11123176,27750,1771,Semi-presidential republic,Gourde,HTG,509,24.8,8.6,https://www.laenderdaten.info/Amerika/Haiti/index.php
Heard Island and McDonald Islands,Heard und McDonaldinseln,Heard and McDonald Islands,HM,Australia,,0,372,102,Australian overseas department,Australian Dollar,AUD,,0,0,https://www.laenderdaten.info/Australien/Heard-und-McDonaldinseln/index.php
Honduras,Honduras,Honduras,HN,Central America,Tegucigalpa,9587522,112490,669,Presidential republic,Lempira,HNL,504,21.9,4.4,https://www.laenderdaten.info/Amerika/Honduras/index.php
Hong Kong,Hongkong,香港 / Xiānggǎng,HK,Asia,Hong Kong,7451000,1110,733,Presidential limited democracy (special administrative region of China),Hong Kong Dollar,HKD,852,7.7,6.3,https://www.laenderdaten.info/Asien/Hongkong/index.php
India,Indien,Bharat  / भारत गणराज्य,IN,Asia,New Delhi,1352617328,3287259,7000,Federal parliamentary republic,Indian Rupee,INR,91,18.1,7.2,https://www.laenderdaten.info/Asien/Indien/index.php
Indonesia,Indonesien,Indonesia,ID,Asia,Jakarta,267663435,1913580,54716,Presidential republic,Idonesian Rupiah,IDR,62,18.4,6.4,https://www.laenderdaten.info/Asien/Indonesien/index.php
Isle of Man,Insel Man,Isle of Man,IM,Europe,Douglas,84077,570,160,Parliamentary democracy (autonomous Crown dependency of the UK),Manx Pound,IMP,44-1624,11.4,9.8,https://www.laenderdaten.info/Europa/Insel-Man/index.php
Iraq,Irak,جمهورية العراق / Al-´Iraq,IQ,Asia,Baghdad,38433600,435052,58,Federal parliamentary republic,Iraqi Dinar,IQD,964,29.7,4.8,https://www.laenderdaten.info/Asien/Irak/index.php
Iran,Iran,ايران / Īrān,IR,Asia,Tehran,81800269,1745150,2440,Islamic Republic,Iranian Rial,IRR,98,19,4.8,https://www.laenderdaten.info/Asien/Iran/index.php
Ireland,Irland,Éire / Ireland,IE,Europe,Dublin,4853506,70280,1448,Parliamentary republic,Euro,EUR,353,12.9,6.3,https://www.laenderdaten.info/Europa/Irland/index.php
Iceland,Island,Ísland,IS,Europe,Reykjavík,353574,103000,4970,Parliamentary republic,Icelandic Krone,ISK,354,11.9,6.5,https://www.laenderdaten.info/Europa/Island/index.php
Israel,Israel,ישראל / Yisra’el / Isra’il,IL,Asia,Jerusalem,8883800,22070,273,Parliamentary democracy,Shekel,ILS,972,21.1,5.1,https://www.laenderdaten.info/Asien/Israel/index.php
Italy,Italien,Italia,IT,Europe,Rome,60431283,301340,7600,Parliamentary republic,Euro,EUR,39,7.6,10.7,https://www.laenderdaten.info/Europa/Italien/index.php
Jamaica,Jamaika,Jamaica,JM,Central America,Kingston,2934855,10990,1022,Parliamentary democracy (under constitutional monarchy),Jamaica Dollar,JMD,1876,16.3,7.6,https://www.laenderdaten.info/Amerika/Jamaika/index.php
Japan,Japan,日本国,JP,Asia,Tokyo,126529100,377970,29751,Parliamentary constitutional monarchy,Japanese Yen,JPY,81,7.6,10.8,https://www.laenderdaten.info/Asien/Japan/index.php
Yemen,Jemen,الجمهورية اليمنية / Al-Yaman,YE,Asia,Sanaa,28498687,527970,1906,republic,Jemen Rial,YER,967,31,6,https://www.laenderdaten.info/Asien/Jemen/index.php
Jersey,Jersey,Bailiwick of Jersey,JE,Europe,Saint Helier,99602,116,70,Parliamentary democracy (autonomous Crown dependency of the UK),Jersey Sterling Pound,JEP,44,0,0,https://www.laenderdaten.info/Europa/Jersey/index.php
Jordan,Jordanien,الأُرْدُنّ  / Al-Urdunn,JO,Asia,Amman,9956011,89320,26,Parliamentary constitutional monarchy,Jordanian Dinar,JOD,962,22.6,3.8,https://www.laenderdaten.info/Asien/Jordanien/index.php
British Virgin Islands,Jungferninseln (UK),British Virgin Islands,VG,Central America,Road Town,29802,150,80,Parliamentary democracy (self-governing territory of the UK),US Dollar,USD,1-284,0,0,https://www.laenderdaten.info/Amerika/Jungferninseln-UK/index.php
Virgin Islands,Jungferninseln (US),Virgin Islands of the United States,VI,Central America,Charlotte Amalie,106977,350,188,Presidential democracy (self-governing territory of the US),US Dollar,USD,1809,12.8,7.8,https://www.laenderdaten.info/Amerika/Jungferninseln-US/index.php
Cayman Islands,Kaimaninseln,Cayman Islands,KY,Central America,George Town,64174,260,160,Parliamentary democracy (self-governing territory of the UK),Cayman Dollar,KYD,1809,9.9,3.4,https://www.laenderdaten.info/Amerika/Kaimaninseln/index.php
Cambodia,Kambodscha,ព្រះរាជាណាចក្រកម្ពុជា / Preăh Réachéanachâk K,KH,Asia,Phnom Penh,16249798,181040,443,Parliamentary constitutional monarchy,Riel,KHR,855,22.9,6,https://www.laenderdaten.info/Asien/Kambodscha/index.php
Cameroon,Kamerun,Cameroun / Cameroon,CM,Africa,Yaoundé,25216237,475440,402,Presidential republic,Central African Franc,XAF,237,35.9,9.5,https://www.laenderdaten.info/Afrika/Kamerun/index.php
Canada,Kanada,Canada,CA,North America,Ottawa,37058856,9984670,202080,Federal parliamentary republic (under constitutional monarchy),Canadian Dollar,CAD,1,10.3,7.5,https://www.laenderdaten.info/Amerika/Kanada/index.php
Cape Verde,Kap Verde,Cabo Verde,CV,Africa,Praia,543767,4030,965,Parliamentary republic,Cape Verdean Escudo,CVE,238,19.9,5.7,https://www.laenderdaten.info/Afrika/Kap-Verde/index.php
Kazakhstan,Kasachstan,Қазақстан /  Qazaqstan,KZ,Asia,Nursultan,18276499,2724902,0,Presidential republic,Tenge,KZT,7,21.6,7.2,https://www.laenderdaten.info/Asien/Kasachstan/index.php
Qatar,Katar,قطر / Qatar,QA,Asia,Doha,2781677,11610,563,Absolute monarchy,Qatari Rial,QAR,974,9.7,1.2,https://www.laenderdaten.info/Asien/Katar/index.php
Kenya,Kenia,Kenya,KE,Africa,Nairobi,51393010,580370,536,Presidential republic,Kenian Schilling,KES,254,29.3,5.6,https://www.laenderdaten.info/Afrika/Kenia/index.php
Kyrgyzstan,Kirgisistan,Кыргызстан / Kyrgyzstan,KG,Asia,Bishkek,6315800,199950,0,Parliamentary republic,Som,KGS,996,24.8,5.4,https://www.laenderdaten.info/Asien/Kirgisistan/index.php
Kiribati,Kiribati,Kiribati,KI,Oceania,Tarawa,115847,810,1143,Presidential republic,Kiribati Dollar,KID,686,28.3,6.4,https://www.laenderdaten.info/Ozeanien/Kiribati/index.php
Cocos Islands,Kokosinseln,Cocos (Keeling) Islands,CC,Australia,West Island,596,14,26,(non-self-governing territory of Australia),Australian Dollar,AUD,891,0,0,https://www.laenderdaten.info/Australien/Kokosinseln/index.php
Colombia,Kolumbien,Colombia,CO,South America,Bogotá,49648685,1141749,3208,Presidential republic,Colombian Peso,COP,57,15.1,5.5,https://www.laenderdaten.info/Amerika/Kolumbien/index.php
Comoros,Komoren,القمر جزر / قمر / Comores,KM,Africa,Moroni,832322,1861,340,Federal presidential republic,Comorian Franc,KMF,269,32.4,7.3,https://www.laenderdaten.info/Afrika/Komoren/index.php
Kosovo,Kosovo,Kosova,XK,Europe,Pristina,1845300,10887,0,Parliamentary republic,Euro,EUR,383,16.4,7,https://www.laenderdaten.info/Europa/Kosovo/index.php
Croatia,Kroatien,Hrvatska,HR,Europe,Zagreb,4089400,56590,5835,Parliamentary republic,Kuna,HRK,385,8.9,13,https://www.laenderdaten.info/Europa/Kroatien/index.php
Cuba,Kuba,Cuba,CU,Central America,Havana,11338138,109880,3735,Republic (communist one-party system),Cuban Peso,CUP,53,10.4,8.8,https://www.laenderdaten.info/Amerika/Kuba/index.php
Kuwait,Kuwait,Al-Kuwayt,KW,Asia,Kuwait City,4137309,17820,499,constitutional monarchy,Kuwaiti Dinar,KWD,965,14.7,2.6,https://www.laenderdaten.info/Asien/Kuwait/index.php
Laos,Laos,Lao,LA,Asia,Vientiane,7061507,236800,0,Republic (communist one-party system),Kip,LAK,856,24,6.5,https://www.laenderdaten.info/Asien/Laos/index.php
Lesotho,Lesotho,Lesotho,LS,Africa,Maseru,2108132,30360,0,Parliamentary constitutional monarchy,Lesotho Loti,LSL,266,27.2,14.7,https://www.laenderdaten.info/Afrika/Lesotho/index.php
Latvia,Lettland,Latvija,LV,Europe,Riga,1926542,64490,498,Parliamentary republic,Euro,EUR,371,10.7,14.8,https://www.laenderdaten.info/Europa/Lettland/index.php
Lebanon,Libanon,Lubnan,LB,Asia,Beirut,6848925,10450,225,Parliamentary republic,Lebanese Pound,LBP,961,17.7,4.3,https://www.laenderdaten.info/Asien/Libanon/index.php
Liberia,Liberia,Liberia,LR,Africa,Monrovia,4818977,111370,579,Presidential republic,Liberian Dollar,LRD,231,33.4,7.7,https://www.laenderdaten.info/Afrika/Liberia/index.php
Libya,Libyen,Libiya,LY,Africa,Tripoli,6678567,1759540,1770,Republic (transitional government after dictatorship),Libyan Dinar,LYD,218,19.4,5.1,https://www.laenderdaten.info/Afrika/Libyen/index.php
Liechtenstein,Liechtenstein,Liechtenstein,LI,Europe,Vaduz,37910,160,0,constitutional monarchy,Swiss Franc,CHF,423,8.9,6.6,https://www.laenderdaten.info/Europa/Liechtenstein/index.php
Lithuania,Litauen,Lietuva,LT,Europe,Vilnius,2789533,65286,90,Semi-presidential republic,Euro,EUR,370,10.1,14.2,https://www.laenderdaten.info/Europa/Litauen/index.php
Luxembourg,Luxemburg,Luxembourg/Lëtzebuerg,LU,Europe,Luxembourg,607728,2590,0,constitutional monarchy,Euro,EUR,352,10.4,7.1,https://www.laenderdaten.info/Europa/Luxemburg/index.php
Macao,Macau,"Macau, Aomen",MO,Asia,Concelho de Macau,631636,30,41,Presidential limited democracy (special administrative region of China),Macanese Pataca,MOP,853,11.2,3.9,https://www.laenderdaten.info/Asien/Macau/index.php
Madagascar,Madagaskar,Madagasikara/Madagascar,MG,Africa,Antananarivo,26262368,587295,4828,Semi-presidential republic,Malagasy Ariary,MGA,261,32.9,6.2,https://www.laenderdaten.info/Afrika/Madagaskar/index.php
Malawi,Malawi,Malawi,MW,Africa,Lilongwe,18143315,118480,0,Presidential republic,Kwacha,MWK,265,34.6,6.8,https://www.laenderdaten.info/Afrika/Malawi/index.php
Malaysia,Malaysia,Malaysia,MY,Asia,Kuala Lumpur,31528585,330345,4675,Federal constitutional monarchy,Ringgit,MYR,60,16.9,5,https://www.laenderdaten.info/Asien/Malaysia/index.php
Maldives,Malediven,Dhivehi Raajje/Maldives,MV,Asia,Male,515696,300,644,Presidential republic,Maldivian Rufiyaa,MVR,960,14.9,2.9,https://www.laenderdaten.info/Asien/Malediven/index.php
Mali,Mali,Mali,ML,Africa,Bamako,19077690,1240190,0,Semi-presidential republic,West African Franc,XOF,223,42.1,10,https://www.laenderdaten.info/Afrika/Mali/index.php
Malta,Malta,Malta,MT,Europe,Valletta,483530,320,197,Parliamentary republic,Euro,EUR,356,9.2,7.6,https://www.laenderdaten.info/Europa/Malta/index.php
Morocco,Marokko,Al-Maghrib,MA,Africa,Rabat,36029138,446550,1835,Parliamentary constitutional monarchy,Moroccan Dirham,MAD,212,19.4,5.1,https://www.laenderdaten.info/Afrika/Marokko/index.php
Marshall Islands,Marshallinseln,Marshall Islands/Majol,MH,Oceania,Majuro,58413,180,370,Presidential republic,US Dollar,USD,692,29,3.7,https://www.laenderdaten.info/Ozeanien/Marshallinseln/index.php
Martinique,Martinique,Martinique,MQ,Central America,Fort-de-France,395000,1128,0,French overseas territory,Euro,EUR,596,0,0,https://www.laenderdaten.info/Amerika/Martinique/index.php
Mauritania,Mauretanien,Muritaniya/Mauritanie,MR,Africa,Nouakchott,4403319,1030700,754,Presidential republic,Ouguiya,MRO,222,34.1,7.3,https://www.laenderdaten.info/Afrika/Mauretanien/index.php
Mauritius,Mauritius,Maurice,MU,Africa,Port Louis,1265303,2040,177,Parliamentary republic,Mauritian Rupee,MUR,230,10.7,8,https://www.laenderdaten.info/Afrika/Mauritius/index.php
Mayotte,Mayotte,Mayotte,YT,Africa,Mamoudzou,256518,374,183,French overseas territory,Euro,EUR,269,0,0,https://www.laenderdaten.info/Afrika/Mayotte/index.php
Mexico,Mexiko,México,MX,Central America,Mexico City,126190788,1964375,9330,Federal presidential republic,Mexican Peso,MXN,52,17.9,5.9,https://www.laenderdaten.info/Amerika/Mexiko/index.php
Federated States of Micronesia,Mikronesien,Micronesia,FM,Oceania,,112640,700,6112,Federal republic,US Dollar,USD,691,22.9,6.5,https://www.laenderdaten.info/Ozeanien/Mikronesien/index.php
Moldova,Moldawien,Moldova,MD,Europe,Chisinau,3545883,33850,0,Parliamentary republic,Leu,MDL,373,10.3,11.5,https://www.laenderdaten.info/Europa/Moldawien/index.php
Monaco,Monaco,Monaco,MC,Europe,Monaco,38682,2,4,constitutional monarchy,Euro,EUR,3393,7.8,7.9,https://www.laenderdaten.info/Europa/Monaco/index.php
Mongolia,Mongolei,Mongol Uls,MN,Asia,Ulaanbaatar,3170208,1564120,0,Semi-presidential republic,Tugrik,MNT,976,24.8,6.3,https://www.laenderdaten.info/Asien/Mongolei/index.php
Montenegro,Montenegro,Црна Гора / Crna Gora / Mali i Zi,ME,Europe,Podgorica,622345,13810,294,Parliamentary republic,Euro,EUR,382,11.8,10.6,https://www.laenderdaten.info/Europa/Montenegro/index.php
Montserrat,Montserrat,Montserrat,MS,Central America,Brades,5315,102,40,Parliamentary democracy (self-governing territory of the UK),East Caribbean Dollar,XCD,1809,0,0,https://www.laenderdaten.info/Amerika/Montserrat/index.php
Mozambique,Mosambik,Moçambique,MZ,Africa,Maputo,29495962,786380,2470,Presidential republic,Metical,MZN,258,37.9,9,https://www.laenderdaten.info/Afrika/Mosambik/index.php
Burma,Myanmar,Myanma Pye,MM,Asia,Nay Pyi Taw,53708395,676590,1930,Parliamentary republic,Kyat,MMK,95,17.7,8.2,https://www.laenderdaten.info/Asien/Myanmar/index.php
Namibia,Namibia,Namibia,NB,Africa,Windhoek,2448255,824290,1572,Presidential republic,Namibian Dollar,NAD,264,29.1,8.2,https://www.laenderdaten.info/Afrika/Namibia/index.php
Nauru,Nauru,Naoero/Nauru,NR,Oceania,Yaren,12704,20,30,Parliamentary republic,Australian Dollar,AUD,674,0,0,https://www.laenderdaten.info/Ozeanien/Nauru/index.php
Nepal,Nepal,Nepal,NP,Asia,Kathmandu,28087871,147180,0,Federal parliamentary republic,Nepalese Rupee,NPR,977,20.2,6.4,https://www.laenderdaten.info/Asien/Nepal/index.php
New Caledonia,Neukaledonien,Nouvelle-Calédonie,NC,Oceania,Nouméa,284060,18580,2254,Parliamentary democracy (territory of France),Pacific Franc,XPF,687,14.5,5.5,https://www.laenderdaten.info/Ozeanien/Neukaledonien/index.php
New Zealand,Neuseeland,New Zealand/Aotearoa,NZ,Australia,Wellington,4885500,267710,15134,Parliamentary democracy (under constitutional monarchy),New Zealand Dollar,NZD,64,12.4,7,https://www.laenderdaten.info/Australien/Neuseeland/index.php
Nicaragua,Nicaragua,Nicaragua,NI,Central America,Managua,6465513,130370,910,Presidential republic,Córdoba Oro,NIO,505,21.1,5,https://www.laenderdaten.info/Amerika/Nicaragua/index.php
Netherlands,Niederlande,Nederland,NL,Europe,Amsterdam,17231017,41540,451,Parliamentary constitutional monarchy,Euro,EUR,31,9.9,8.8,https://www.laenderdaten.info/Europa/Niederlande/index.php
Niger,Niger,Niger,NE,Africa,Niamey,22442948,1267000,0,Semi-presidential republic,West African Franc,XOF,227,46.5,8.5,https://www.laenderdaten.info/Afrika/Niger/index.php
Nigeria,Nigeria,Nigeria,NG,Africa,Abuja,195874740,923770,853,Federal presidential republic,Naira,NGN,234,38.4,12.1,https://www.laenderdaten.info/Afrika/Nigeria/index.php
Niue,Niue,Niue,NU,Oceania,Alofi,1618,260,64,Parliamentary democracy,New Zealand Dollar,NZD,683,0,0,https://www.laenderdaten.info/Ozeanien/Niue/index.php
North Korea,Nordkorea,Choson Minjujuui In´min Konghwaguk (Bukhan),KP,Asia,Pyongyang,25549819,120540,2495,"People's republic (communist 	one-party system)",Won,KPW,850,13.9,9,https://www.laenderdaten.info/Asien/Nordkorea/index.php
Northern Mariana Islands,Nördliche Marianen,Northern Mariana Islands,MP,Oceania,Saipan,56882,460,1482,Presidential democracy,US Dollar,USD,1-670,0,0,https://www.laenderdaten.info/Ozeanien/Noerdliche-Marianen/index.php
North Macedonia,Nordmazedonien,Makedonija,MK,Europe,Skopje,2082958,25710,0,Parliamentary republic,Denar,MKD,389,11,10,https://www.laenderdaten.info/Europa/Mazedonien/index.php
Norfolk Island,Norfolkinsel,Norfolk Island,NF,Australia,Kingston,1748,36,32,Parliamentary democracy (territory of Australia),Australian Dollar,AUD,6723,0,0,https://www.laenderdaten.info/Australien/Norfolkinsel/index.php
Norway,Norwegen,Norge,NO,Europe,Oslo,5314336,625217,25148,Parliamentary constitutional monarchy,Norwegian Krone,NOK,47,10.7,7.7,https://www.laenderdaten.info/Europa/Norwegen/index.php
Oman,Oman,´Uman,OM,Asia,Muscat,4829483,309500,2092,Absolute monarchy,Omani Rial,OMR,968,19.8,2.5,https://www.laenderdaten.info/Asien/Oman/index.php
Austria,Österreich,Österreich,AT,Europe,Vienna,8847037,83879,0,Federal parliamentary republic,Euro,EUR,43,10,9.5,https://www.laenderdaten.info/Europa/Oesterreich/index.php
East Timor,Osttimor,Timor Timur,TL,Asia,Dili,1267972,14870,706,Semi-presidential republic,US Dollar,USD,670,29.5,6.1,https://www.laenderdaten.info/Asien/Osttimor/index.php
Pakistan,Pakistan,Pakistan,PK,Asia,Islamabad,212215030,796100,1046,Federal parliamentary republic,Pakistanian Rupee,PKR,92,28.6,7,https://www.laenderdaten.info/Asien/Pakistan/index.php
Palestine,Palästina,Filastin,PS,Asia,Ramallah,4569087,6020,40,Autonomous region,Shekel,ILS,970,29.9,3.5,https://www.laenderdaten.info/Asien/Palaestina/index.php
Palau,Palau,Belau/Palau,PW,Oceania,,17907,460,1519,Presidential republic,US Dollar,USD,680,12.4,10.3,https://www.laenderdaten.info/Ozeanien/Palau/index.php
Panama,Panama,Panamá,PA,Central America,Panama City,4176873,75420,2490,Presidential republic,Panamanian Balboa,PAB,507,19.3,5,https://www.laenderdaten.info/Amerika/Panama/index.php
Papua New Guinea,Papua-Neuguinea,Papua New Guinea/Papua Niugini,PG,Oceania,Port Moresby,8606316,462840,5152,Parliamentary democracy (under constitutional monarchy),Kina,PGK,675,27.4,7.5,https://www.laenderdaten.info/Ozeanien/Papua-Neuguinea/index.php
Paraguay,Paraguay,Paraguay,PY,South America,Asunción,6956071,406752,0,Presidential republic,Guaraní,PYG,595,20.8,5.5,https://www.laenderdaten.info/Amerika/Paraguay/index.php
Peru,Peru,Perú/Piruw,PE,South America,Lima,31989256,1285220,2414,Presidential republic,Nuevo Sol,PEN,51,18.1,5.4,https://www.laenderdaten.info/Amerika/Peru/index.php
Philippines,Philippinen,Pilipinas,PH,Asia,Manila,106651922,300000,36289,Presidential republic,Philippine Peso,PHP,63,21,5.8,https://www.laenderdaten.info/Asien/Philippinen/index.php
Pitcairn Islands,Pitcairninseln,Pitcairn,PN,Oceania,Adamstown,54,47,51,Parliamentary democracy (territory of the US),Sterling Pound,GBP,649,0,0,https://www.laenderdaten.info/Ozeanien/Pitcairninseln/index.php
Poland,Polen,Polska,PL,Europe,Warsaw,37978548,312680,440,Parliamentary republic,Zloty,PLN,48,10.6,10.6,https://www.laenderdaten.info/Europa/Polen/index.php
Portugal,Portugal,Portugal,PT,Europe,Lisbon,10281762,92226,1793,Semi-presidential republic,Euro,EUR,351,8.4,10.6,https://www.laenderdaten.info/Europa/Portugal/index.php
Puerto Rico,Puerto Rico,Puerto Rico,PR,Central America,San Juan,3195153,8870,501,Presidential democracy (unincorporated territory of the US),US Dollar,USD,1809,7.3,8.9,https://www.laenderdaten.info/Amerika/Puerto-Rico/index.php
Republic of the Congo,Republik Kongo,Congo,CG,Africa,Brazzaville,5244363,342000,169,Presidential republic,Congolais Franc,CDF,242,33.4,6.8,https://www.laenderdaten.info/Afrika/Kongo-Brazzaville/index.php
Reunion,Réunion,Réunion,RE,Africa,Saint-Denis,699000,2512,207,French overseas territory,Euro,EUR,262,0,0,https://www.laenderdaten.info/Afrika/Reunion/index.php
Rwanda,Ruanda,Rwanda / Urwanda,RW,Africa,Kigali,12301939,26340,0,Presidential republic,Rwandan Franc,RWF,250,32.1,5.3,https://www.laenderdaten.info/Afrika/Ruanda/index.php
Romania,Rumänien,România,RO,Europe,Bucharest,19473936,238400,225,Semi-presidential republic,Leu,RON,40,9.7,13.3,https://www.laenderdaten.info/Europa/Rumaenien/index.php
Russia,Russland,Россия / Rossija,RU,Europe,Moscow,144478050,17098250,37653,Federal republic,Russian Rubel,RUB,7,12.9,12.9,https://www.laenderdaten.info/Europa/Russland/index.php
Saint Martin,Saint Martin,Saint Martin,MF,Central America,Marigot,37264,54,59,French overseas territory,Euro,EUR,590,14.9,4.3,https://www.laenderdaten.info/Amerika/Saint-Martin/index.php
Solomon Islands,Salomonen,Solomon Islands,SB,Oceania,Honiara,652858,28900,5313,Parliamentary democracy (under constitutional monarchy),Salomon Dollar,SBD,677,32.9,4.3,https://www.laenderdaten.info/Ozeanien/Salomonen/index.php
Zambia,Sambia,Zambia,ZM,Africa,Lusaka,17351822,752610,0,Presidential republic,Zambian Kwacha,ZMW,260,36.7,6.6,https://www.laenderdaten.info/Afrika/Sambia/index.php
Samoa,Samoa,Sāmoa,WS,Oceania,Apia,196130,2840,403,Parliamentary republic,Tala,WST,685,24.7,5.3,https://www.laenderdaten.info/Ozeanien/Samoa/index.php
San Marino,San Marino,San Marino,SM,Europe,San Marino,33785,60,0,Parliamentary republic,Euro,EUR,378,7.9,7.6,https://www.laenderdaten.info/Europa/San-Marino/index.php
Saint Barthelemy,Sankt Bartholomäus,Saint-Barthélemy,BL,Central America,Gustavia,7160,21,32,Corporation of France,Euro,EUR,590,0,0,https://www.laenderdaten.info/Amerika/Sankt-Bartholomaeus/index.php
Sao Tome and Principe,São Tomé und Príncipe,São Tomé e Príncipe,ST,Africa,São Tomé,211028,960,209,Semi-presidential republic,Dobra,STD,239,32,4.9,https://www.laenderdaten.info/Afrika/Sao-Tome-und-Principe/index.php
Saudi Arabia,Saudi-Arabien,المملكة العربية السعودية / Al-´Arabiya as-Sa´,SA,Asia,Riyadh,33699947,2149690,2640,Absolute monarchy,Saudi Rial,SAR,966,18.3,3.4,https://www.laenderdaten.info/Asien/Saudi-Arabien/index.php
Sweden,Schweden,Sverige,SE,Europe,Stockholm,10183175,447430,3218,Parliamentary constitutional monarchy,Swedish Krone,SEK,46,11.5,9.1,https://www.laenderdaten.info/Europa/Schweden/index.php
Switzerland,Schweiz,Schweiz / Suisse / Svizzera / Svizra,CH,Europe,Bern,8516543,41290,0,Federal republic,Swiss Franc,CHF,41,10.3,7.9,https://www.laenderdaten.info/Europa/Schweiz/index.php
Senegal,Senegal,Sénégal / Sounougal,SN,Africa,Dakar,15854360,196710,531,Presidential republic,West African Franc,XOF,221,35.1,5.8,https://www.laenderdaten.info/Afrika/Senegal/index.php
Serbia,Serbien,Србија Srbija,RS,Europe,Belgrade,6982084,88360,0,Parliamentary republic,Serbian Dinar,RSD,381,9.2,14.8,https://www.laenderdaten.info/Europa/Serbien/index.php
Seychelles,Seychellen,Sese l /Seychelles,SC,Africa,Victoria,96762,460,491,Presidential republic,Seychelles Rupee,SCR,248,17.2,7.8,https://www.laenderdaten.info/Afrika/Seychellen/index.php
Sierra Leone,Sierra Leone,Sierra Leone,SL,Africa,Freetown,7650154,72300,402,Presidential republic,Leone,SLL,232,33.9,12,https://www.laenderdaten.info/Afrika/Sierra-Leone/index.php
Zimbabwe,Simbabwe,Zimbabwe,ZW,Africa,Harare,14439018,390760,0,Semi-presidential republic,Zimbabwe Dollar,ZWL,263,31.7,8,https://www.laenderdaten.info/Afrika/Simbabwe/index.php
Singapore,Singapur,Singapore / Singapura / 新加坡共和国 / சிங்கப்பூர்,SG,Asia,Singapore,5638676,719,193,Parliamentary republic,Singapore Dollar,SGD,65,8.9,5,https://www.laenderdaten.info/Asien/Singapur/index.php
Sint Maarten,Sint Maarten,Sint Maarten,SX,Central America,Philipsburg,40654,34,59,Republic (autonomous territory of the Kingdom of the Netherlands),Netherlands Antillean Guilder,ANG,1-721,14.1,4.6,https://www.laenderdaten.info/Amerika/Sint-Maarten/index.php
Slovakia,Slowakei,Slovensko,SK,Europe,Bratislava,5447011,49030,0,Parliamentary republic,Euro,EUR,42,10.7,9.9,https://www.laenderdaten.info/Europa/Slowakei/index.php
Slovenia,Slowenien,Slovenija,SI,Europe,Ljubljana,2067372,20675,47,Parliamentary republic,Euro,EUR,386,9.8,9.9,https://www.laenderdaten.info/Europa/Slowenien/index.php
Somalia,Somalia,Soomaaliya / Somalia / الصومال,SO,Africa,Mogadishu,15008154,637660,3025,Federal parliamentary republic,Somalian Shilling,SOS,252,41.9,11.1,https://www.laenderdaten.info/Afrika/Somalia/index.php
Spain,Spanien,España,ES,Europe,Madrid,46723749,505935,4964,Parliamentary constitutional monarchy,Euro,EUR,34,8.4,9,https://www.laenderdaten.info/Europa/Spanien/index.php
Sri Lanka,Sri Lanka,ශ්‍රී ලංකා / இலங்கை,LK,Asia,Colombo,21670000,65610,1340,Presidential republic,Sri Lanka Rupee,LKR,94,16.1,6.6,https://www.laenderdaten.info/Asien/Sri-Lanka/index.php
"Saint Helena, Ascension and Tristan da Cunha",St. Helena,Saint Helena,SH,Africa,Jamestown,7841,308,60,Parliamentary democracy (limited self-governing territory of the UK),St.-Helena Pound,SHP,290,0,0,https://www.laenderdaten.info/Afrika/St-Helena/index.php
Saint Kitts and Nevis,St. Kitts und Nevis,Saint Kitts and Nevis,KN,Central America,Basseterre,52441,260,135,Federal parliamentary republic (under constitutional monarchy),East Caribbean Dollar,XCD,1809,12.6,8.1,https://www.laenderdaten.info/Amerika/St-Kitts-Nevis/index.php
Saint Lucia,St. Lucia,Saint Lucia,LC,Central America,Castries,181889,620,158,Parliamentary democracy (under constitutional monarchy),East Caribbean Dollar,XCD,1809,12.1,7.2,https://www.laenderdaten.info/Amerika/St-Lucia/index.php
Saint Pierre and Miquelon,St. Pierre und Miquelon,Saint-Pierre-et-Miquelon,PM,North America,Saint-Pierre,5471,242,120,Parliamentary democracy (territory of France),Euro,EUR,508,0,0,https://www.laenderdaten.info/Amerika/St-Pierre-Miquelon/index.php
Saint Vincent and the Grenadines,St. Vincent und die Grenadinen,Saint Vincent and the Grenadines,VC,Central America,Kingstown,110210,390,84,Parliamentary democracy (under constitutional monarchy),East Caribbean Dollar,XCD,1809,14.4,9.2,https://www.laenderdaten.info/Amerika/St-Vincent-Grenadinen/index.php
South Africa,Südafrika,Suid-Afrika / South Africa / Sewula Afrika /,ZA,Africa,Pretoria,57779622,1219090,2798,Parliamentary republic,South African Rand,ZAR,27,20.9,9.5,https://www.laenderdaten.info/Afrika/Suedafrika/index.php
Sudan,Sudan,جمهورية السودان / As-Sūdān,SD,Africa,Khartoum,41801533,1879358,853,Presidential republic,Sudanese Pound,SDG,249,32.5,7.3,https://www.laenderdaten.info/Afrika/Sudan/index.php
South Georgia and South Sandwich Islands,Südgeorgien und die Südlichen Sandwichinseln,South Georgia and the South Sandwich Islands,GS,South America,King Edward Point,30,3903,0,British overseas territory,Sterling Pound,GBP,500,0,0,https://www.laenderdaten.info/Amerika/Suedgeorgien-Sandwichinseln/index.php
South Korea,Südkorea,대한민국 / 大韓民國,KR,Asia,Seoul,51635256,100339,2413,Presidential republic,Won,KRW,82,7,5.6,https://www.laenderdaten.info/Asien/Suedkorea/index.php
South Sudan,Südsudan,Republic of South Sudan,SS,Africa,Juba,10975920,644330,0,Presidential republic,South Sudanese Pound,SSP,211,35.4,10.6,https://www.laenderdaten.info/Afrika/Suedsudan/index.php
Suriname,Suriname,Suriname,SR,South America,Paramaribo,575991,163820,386,Presidential republic,Surinam Dollar,SRD,597,18.8,7.3,https://www.laenderdaten.info/Amerika/Suriname/index.php
Svalbard,Svalbard und Jan Mayen,Svalbard og Jan Mayen,SJ,Europe,Longyearbyen,2583,62045,124,Territory of Norway,Norwegian Krone,NOK,47,0,0,https://www.laenderdaten.info/Europa/Svalbard-und-Jan-Mayen/index.php
Syria,Syrien,Sūriyya / Suriya / الجمهورية العربية السورية,SY,Asia,Damascus,16906283,185180,193,Presidential republic,Syrian Pound,SYP,963,24.1,5.6,https://www.laenderdaten.info/Asien/Syrien/index.php
Tajikistan,Tadschikistan,Toçikiston / Тоҷикистон,TJ,Asia,Dushanbe,9100837,141380,0,Presidential republic,Somoni,TJS,992,31.4,5,https://www.laenderdaten.info/Asien/Tadschikistan/index.php
Taiwan,Taiwan,中華民國 / T’ai-wan,TW,Asia,Taipei,23545963,35980,1566,Semi-presidential republic,New Taiwan Dollar,TWD,886,0,0,https://www.laenderdaten.info/Asien/Taiwan/index.php
Tanzania,Tansania,Tanzania,TZ,Africa,Dodoma,56318348,947300,1424,Presidential republic,Tansanian Shilling,TZS,255,37.1,6.6,https://www.laenderdaten.info/Afrika/Tansania/index.php
Thailand,Thailand,Prathet Thai / ประเทศไทย,TH,Asia,Bangkok,69428524,513120,3219,Constitutional monarchy (interim military-government since May 2014),Thai Baht,THB,66,10.5,7.6,https://www.laenderdaten.info/Asien/Thailand/index.php
Togo,Togo,Togo,TG,Africa,Lomé,7889094,56790,56,Presidential republic,West African Franc,XOF,228,33.6,8.6,https://www.laenderdaten.info/Afrika/Togo/index.php
Tokelau,Tokelau,Tokelau,TK,Oceania,,1285,12,101,Parliamentary democracy (territory of New Zealand),New Zealand Dollar,NZD,690,0,0,https://www.laenderdaten.info/Ozeanien/Tokelau/index.php
Tonga,Tonga,Puleʻanga Fakatuʻi ʻo Tonga,TO,Oceania,Nuku‘alofa,103197,750,419,constitutional monarchy,Pa'anga,TOP,676,24.6,7.2,https://www.laenderdaten.info/Ozeanien/Tonga/index.php
Trinidad and Tobago,Trinidad und Tobago,Trinidad and Tobago,TT,Central America,Port-of-Spain,1389858,5130,362,Parliamentary republic,Trinidad and Tobago Dollar,TTD,296,13.3,8.3,https://www.laenderdaten.info/Amerika/Trinidad-und-Tobago/index.php
Chad,Tschad,جمهوريّة تشاد / Tchad,TD,Africa,N'Djamena,15477751,1284000,0,Presidential republic,Central African Franc,XAF,235,42.7,12.3,https://www.laenderdaten.info/Afrika/Tschad/index.php
Czechia,Tschechien,"Česko, Česká republika",CZ,Europe,Prague,10625695,78870,0,Parliamentary republic,Czech Krone,CZK,42,10.8,10.5,https://www.laenderdaten.info/Europa/Tschechien/index.php
Tunisia,Tunesien,تونس / الجمهورية التونسية / Tūnisiyya,TN,Africa,Tunis,11565204,163610,1148,Parliamentary republic,Tunesian Dinar,TND,216,18,6.3,https://www.laenderdaten.info/Afrika/Tunesien/index.php
Turkey,Türkei,Türkiye Cumhuriyeti,TR,Asia,Ankara,82319724,785350,7200,Parliamentary republic,Turkish Lira,TRY,90,16.3,5.4,https://www.laenderdaten.info/Asien/Tuerkei/index.php
Turkmenistan,Turkmenistan,Türkmenostan,TM,Asia,Ashgabat,5850908,488100,0,Presidential republic,Manat,TMT,993,24.6,7.1,https://www.laenderdaten.info/Asien/Turkmenistan/index.php
Turks and Caicos Islands,Turks und Caicosinseln,The Turks and Caicos Islands,TC,Central America,Cockburn Town,37665,950,389,Parliamentary democracy (self-governing territory of the UK),US Dollar,USD,1-649,0,0,https://www.laenderdaten.info/Amerika/Turks-und-Caicosinseln/index.php
Tuvalu,Tuvalu,Tuvalu / Fakavae Aliki-Malo,TV,Oceania,Funafuti,11508,30,24,Parliamentary democracy (under constitutional monarchy),Tuvaluan Dollar,TVD,688,0,0,https://www.laenderdaten.info/Ozeanien/Tuvalu/index.php
Uganda,Uganda,Uganda,UG,Africa,Kampala,42723139,241550,0,Presidential republic,Ugandan Schilling,UGX,256,38.9,6.8,https://www.laenderdaten.info/Afrika/Uganda/index.php
Ukraine,Ukraine,Ukrajina / Україна,UA,Europe,Kiev,44622516,603550,2782,Semi-presidential republic,Hrywnja,UAH,380,9.4,14.5,https://www.laenderdaten.info/Europa/Ukraine/index.php
Hungary,Ungarn,Magyarország,HU,Europe,Budapest,9768785,93030,0,Parliamentary republic,Hungarian Forint,HUF,36,9.7,13.5,https://www.laenderdaten.info/Europa/Ungarn/index.php
Uruguay,Uruguay,Uruguay,UY,South America,Montevideo,3449299,176220,660,Presidential republic,Uruguay Peso,UYU,598,14,9.5,https://www.laenderdaten.info/Amerika/Uruguay/index.php
Uzbekistan,Usbekistan,Oʻzbekiston,UZ,Asia,Tashkent,32955400,447400,0,Presidential republic,Uzbekistan Sum,UZS,998,22.1,5,https://www.laenderdaten.info/Asien/Usbekistan/index.php
Vanuatu,Vanuatu,Vanuatu,VU,Oceania,Port-Vila,292680,12190,2528,Parliamentary republic,Vatu,VUV,678,30,5.3,https://www.laenderdaten.info/Ozeanien/Vanuatu/index.php
Holy See (Vatican City),Vatikanstadt,Vaticanæ / Santa Sede / Città del Vaticano,VA,Europe,,1000,0,0,Absolute monarchy,Euro,EUR,396,0,0,https://www.laenderdaten.info/Europa/Vatikan/index.php
Venezuela,Venezuela,Venezuela,VE,South America,Caracas,28870195,912050,2800,Federal presidential republic,Bolívar fuerte,VEF,58,18.2,6.8,https://www.laenderdaten.info/Amerika/Venezuela/index.php
United Arab Emirates,Vereinigte Arabische Emirate,الإمارات العربية المتحدة / Al-Imarat al-´Arab,AE,Asia,Abu Dhabi,9630959,83600,1318,Federation of autonomous monarchies,UAE Dirham,AED,971,10.5,1.4,https://www.laenderdaten.info/Asien/Arabische-Emirate/index.php
United States,Vereinigte Staaten von Amerika,United States of America,US,North America,"Washington, D.C.",327167434,9831510,19924,Federal presidential republic,US Dollar,USD,1,11.8,8.5,https://www.laenderdaten.info/Amerika/USA/index.php
United Kingdom,Vereinigtes Königreich,United Kingdom,GB,Europe,London,66488991,243610,12429,Parliamentary constitutional monarchy,Sterling Pound,GBP,44,11.4,9.2,https://www.laenderdaten.info/Europa/Vereinigtes-Koenigreich/index.php
Vietnam,Vietnam,Viêt Nam,VN,Asia,Hanoi,95540395,331230,3444,Republic (communist one-party system),Dong,VND,84,17,6.3,https://www.laenderdaten.info/Asien/Vietnam/index.php
Wallis and Futuna,Wallis und Futuna,Wallis-et-Futuna,WF,Oceania,Mata-Utu,15763,142,129,Parliamentary democracy (territory of France),Pacific Franc,XPF,681,0,0,https://www.laenderdaten.info/Ozeanien/Wallis-und-Futuna/index.php
Christmas Island,Weihnachtsinsel,Christmas Island,CX,Australia,Flying Fish Cove,2205,135,139,(non-self-governing territory of Australia),Australian Dollar,AUD,6724,0,0,https://www.laenderdaten.info/Australien/Weihnachtsinsel/index.php
Western Sahara,Westsahara,الصحراء الغربية / aṣ-Ṣaḥrāʾ al-Ġarbiyya,EH,Africa,El Aaiún,619551,266000,1110,republic,Moroccan Dirham,MAD,,0,0,https://www.laenderdaten.info/Afrika/Westsahara/index.php
Central African Republic,Zentralafrikanische Republik,Centrafrique / Bê-Afrîka,CF,Africa,Bangui,4666377,622980,0,Presidential republic,Central African Franc,XAF,236,35.7,12.7,https://www.laenderdaten.info/Afrika/Zentralafrikanische-Republik/index.php
Cyprus,Zypern,Κύπρος / Kypros / Kıbrıs,CY,Asia,Nicosia,1189265,9250,648,Presidential democracy,Euro,EUR,357,10.7,7,https://www.laenderdaten.info/Asien/Zypern/index.php
